Form,"Variable Type","Variable Name",Label,Suffix,"SAS Label","Default Value",Sequence,"Blinded Roles","Required Field","Trigger Form","SDV Required",Page,Comments,Width,Length,Catalog,"Special: Password","Special: Email","Special: Patient ID","Special: Hidden","Special: Timezone","Special: Country","Whole Numbers Only",Height,"Date Control","Time Control","Seconds Control","Time Suffix","Key Date","Comparison Date","Precision Time","Precision Seconds","Allow Future Dates","Allow Partial DD","Allow Partial MMM","Allow Partial YYYY","Partial DD Text","Partial MMM Text","Partial YYYY Text","Impute DD","Impute MMM","Impute YYYY","Is Expiration","Radio Orientation","Report Text: Checked","Report Text: Unchecked","Maximum # Files","Maximum File Size","Slider Orientation","Minimum Value","Maximum Value","Value Step","Minor Tick Step","Major Tick Step"
AE,Text,AETERM,"Adverse Event Term",,"Reported Term for the Adverse Event",,10,,"Auto Query",,Yes,1,,75,75,,No,No,No,No,No,,,,,,,,,,,,,,,,,,,,,,,,,,,,,,,,,
AE,Dropdown,AEONGO,"Is the adverse event ongoing?",,,,30,,"Auto Query",,Yes,1,,,,,,,,,,No,,,,,,,,,,,,,,,,,,,,,,,,,,,,,,,,
AE,Dropdown,AESEV,Severity,,Severity/Intensity,,50,,"Auto Query",,Yes,1,,,,,,,,,,No,,,,,,,,,,,,,,,,,,,,,,,,,,,,,,,,
AE,Radio,AESCONG,"Was the adverse event associated with a congenital anomaly or birth defect?",,"Congenital Anomaly or Birth Defect",,100,,"Auto Query",,Yes,1,,,,,,,,,,,,,,,,,,,,,,,,,,,,,,,,Horizontal,,,,,,,,,,
AE,Radio,AESDISAB,"Did the adverse event result in disability or permanent damage?",,"Persistent or Significant Disability/Incapacity",,110,,"Auto Query",,Yes,1,,,,,,,,,,,,,,,,,,,,,,,,,,,,,,,,Horizontal,,,,,,,,,,
AE,Radio,AESHOSP,"Did the adverse event result in initial or prolonged hospitalization for the subject?",,"Requires or Prolongs Hospitalization",,120,,"Auto Query",,Yes,1,,,,,,,,,,,,,,,,,,,,,,,,,,,,,,,,Horizontal,,,,,,,,,,
AE,Radio,AESMIE,"Was the adverse event a medically important event not covered by other serious criteria?",,"Other Medically Important Adverse Event",,130,,"Auto Query",,Yes,1,,,,,,,,,,,,,,,,,,,,,,,,,,,,,,,,Horizontal,,,,,,,,,,
AE,Dropdown,AEREL,"Relationship to study drug (CTO1681)",,Causality,,140,,"Auto Query",,Yes,1,,,,,,,,,,No,,,,,,,,,,,,,,,,,,,,,,,,,,,,,,,,
AE,Dropdown,AEACN,"&nbsp;Action taken with study drug/treatment",,,,180,,"Auto Query",,Yes,1,,,,,,,,,,No,,,,,,,,,,,,,,,,,,,,,,,,,,,,,,,,
AE,Dropdown,AEOUT,Outcome,,"Outcome of Adverse Event",,190,,"Auto Query",,Yes,1,,,,,,,,,,No,,,,,,,,,,,,,,,,,,,,,,,,,,,,,,,,
AE,Radio,AESER,"Was the adverse event serious?",,"Serious Event",,60,,"Auto Query",,Yes,1,,,,,,,,,,,,,,,,,,,,,,,,,,,,,,,,Horizontal,,,,,,,,,,
AE,Radio,AESDTH,"Did the adverse event result in death?",,"Results in Death",,70,,"Auto Query",,Yes,1,,,,,,,,,,,,,,,,,,,,,,,,,,,,,,,,Horizontal,,,,,,,,,,
AE,Radio,AESLIFE,"Was the adverse event life threatening?",,"Is Life Threatening",,90,,"Auto Query",,Yes,1,,,,,,,,,,,,,,,,,,,,,,,,,,,,,,,,Horizontal,,,,,,,,,,
AE,"Date/Time Precision",AESTDAT,"Start date",,"Start Date/Time of Adverse Event",,20,,"Auto Query",,Yes,1,,,,,,,,,,,,,,,,,No,Yes,No,No,No,No,No,No,,,,,,,No,,,,,,,,,,,
AE,"Date/Time Precision",AEENDAT,"End date",,"End Date/Time of Adverse Event",,40,,"Auto Query",,Yes,1,,,,,,,,,,,,,,,,,No,Yes,No,No,No,No,No,No,,,,,,,No,,,,,,,,,,,
AE,"Date/Time Precision",DTHDAT,"Death date",,,,80,,"Auto Query",,Yes,1,,,,,,,,,,,,,,,,,No,Yes,No,No,No,Yes,Yes,Yes,UK,UNK,UNKN,First,1,2020,No,,,,,,,,,,,
AE,Dropdown,AERELLUK,"Relationship to leukapheresis",,,,150,,"Auto Query",,Yes,1,,,,,,,,,,No,,,,,,,,,,,,,,,,,,,,,,,,,,,,,,,,
AE,Dropdown,AERELLDC,"Relationship to lymphocyte-depleting chemotherapy",,,,160,,"Auto Query",,Yes,1,,,,,,,,,,No,,,,,,,,,,,,,,,,,,,,,,,,,,,,,,,,
AE,Dropdown,AERELCAR,"Relationship to CAR T-cell therapy?",,,,170,,"Auto Query",,Yes,1,,,,,,,,,,No,,,,,,,,,,,,,,,,,,,,,,,,,,,,,,,,
CART,"Date/Time Precision",CARDATTM,"Date and Time of Infusion:",,"Date and Time of Infusion",,10,,"Auto Query",,Yes,1,,,,,,,,,,,,,,,,,No,Yes,Yes,No,No,No,No,No,,,,,,,No,,,,,,,,,,,
CART,Text,CARCMT,Comments:,,,,20,,Optional,,Yes,1,,50,200,,No,No,No,No,No,,,,,,,,,,,,,,,,,,,,,,,,,,,,,,,,,
CHEMCEL,Dropdown,LBTEST,"Lab test",,"Lab Test or Examination Name",,10,,"Auto Query",,Yes,1,,,,,,,,,,No,,,,,,,,,,,,,,,,,,,,,,,,,,,,,,,,
CHEMCEL,Checkbox,LBSTAT,"Not done",,"Completion Status",,20,,Optional,,Yes,1,,,,,,,,,,,,,,,,,,,,,,,,,,,,,,,,,,,,,,,,,,
CHEMCEL,Number,LBORRES,Result,,"Result or Finding in Original Units",,30,,"Auto Query",,Yes,1,,10,10,,,,,,,,No,,,,,,,,,,,,,,,,,,,,,,,,,,,,,,,
CHEMCEL,Dropdown,LBORRESU,Unit,,"Original Units",,40,,"Auto Query",,Yes,1,,,,,,,,,,No,,,,,,,,,,,,,,,,,,,,,,,,,,,,,,,,
CHEMCEL,Radio,LBNORM,"Outside normal range?",,,,50,,"Auto Query",,Yes,1,,,,,,,,,,,,,,,,,,,,,,,,,,,,,,,,Horizontal,,,,,,,,,,
CHEMCEL,Radio,LBCLSIG,"Clinically significant?",,,,60,,"Auto Query",,Yes,1,,,,,,,,,,,,,,,,,,,,,,,,,,,,,,,,Horizontal,,,,,,,,,,
CHEMISTR,"Date/Time Precision",LBDAT,"Collection date",,,,20,,"Auto Query",,Yes,1,,,,,,,,,,,,,,,,,No,Yes,No,No,No,No,No,No,,,,,,,No,,,,,,,,,,,
CHEMISTR,Radio,LBPERF,"Was the sample collected?",,,,10,,"Auto Query",,Yes,1,,,,,,,,,,,,,,,,,,,,,,,,,,,,,,,,Horizontal,,,,,,,,,,
CHEMISTR,Dropdown,LBNAME,"Lab Name",,,,30,,"Auto Query",,Yes,1,,,,,,,,,,No,,,,,,,,,,,,,,,,,,,,,,,,,,,,,,,,
CM,Text,CMTRT,"Medication Name",,"Reported Name of Drug, Med, or Therapy",,10,,"Auto Query",,Yes,1,,75,75,,No,No,No,No,No,,,,,,,,,,,,,,,,,,,,,,,,,,,,,,,,,
CM,Text,CMINDC,Indication/Reason,,Indication,,20,,"Auto Query",,Yes,1,,75,75,,No,No,No,No,No,,,,,,,,,,,,,,,,,,,,,,,,,,,,,,,,,
CM,Number,CMDOSE,Dose,,"Dose Description",,30,,"Auto Query",,Yes,1,,20,12,,,,,,,,No,,,,,,,,,,,,,,,,,,,,,,,,,,,,,,,
CM,Dropdown,CMDOSU,Unit,,"Dose Units",,40,,"Auto Query",,Yes,1,,,,,,,,,,No,,,,,,,,,,,,,,,,,,,,,,,,,,,,,,,,
CM,Dropdown,CMDOSFRQ,Frequency,,"Dosing Frequency per Interval",,60,,"Auto Query",,Yes,1,,,,,,,,,,No,,,,,,,,,,,,,,,,,,,,,,,,,,,,,,,,
CM,Dropdown,CMROUTE,Route,,"Route of Administration",,80,,"Auto Query",,Yes,1,,,,,,,,,,No,,,,,,,,,,,,,,,,,,,,,,,,,,,,,,,,
CM,Radio,CMONGO,Ongoing,,,,130,,"Auto Query",,Yes,1,,,,,,,,,,,,,,,,,,,,,,,,,,,,,,,,Horizontal,,,,,,,,,,
CM,"Date/Time Precision",CMSTDTC,"Start Date",,,,120,,"Auto Query",,Yes,1,,,,,,,,,,,,,,,,,No,Yes,No,No,No,Yes,Yes,Yes,UK,UNK,UNKN,First,1,2020,No,,,,,,,,,,,
CM,"Date/Time Precision",CMENDTC,"End Date",,,,140,,"Auto Query",,Yes,1,,,,,,,,,,,,,,,,,No,Yes,No,No,No,Yes,Yes,Yes,UK,UNK,UNKN,First,1,2020,No,,,,,,,,,,,
CM,Text,CMDOSUO,"Other Unit",,,,50,,"Auto Query",,Yes,1,,20,20,,No,No,No,No,No,,,,,,,,,,,,,,,,,,,,,,,,,,,,,,,,,
CM,Text,CMDOSFRQO,"Other Frequency",,,,70,,"Auto Query",,Yes,1,,20,200,,No,No,No,No,No,,,,,,,,,,,,,,,,,,,,,,,,,,,,,,,,,
CM,Text,CMROUTEO,"Other Route",,,,90,,"Auto Query",,Yes,1,,20,100,,No,No,No,No,No,,,,,,,,,,,,,,,,,,,,,,,,,,,,,,,,,
CM,Radio,CMBRIG,"Is this a bridge chemotherapy?",,,,100,,"Auto Query",,Yes,1,,,,,,,,,,,,,,,,,,,,,,,,,,,,,,,,Vertical,,,,,,,,,,
CM,Radio,CMCRS,"Was this medication given to treat CRS or ICANS?",,,,110,,"Auto Query",,Yes,1,,,,,,,,,,,,,,,,,,,,,,,,,,,,,,,,Vertical,,,,,,,,,,
COAG,Radio,LBPERF,"Was the sample collected?",,,,10,,"Auto Query",,Yes,1,,,,,,,,,,,,,,,,,,,,,,,,,,,,,,,,Horizontal,,,,,,,,,,
COAG,"Date/Time Precision",LBDAT,"Collection date",,,,20,,"Auto Query",,Yes,1,,,,,,,,,,,,,,,,,No,Yes,No,No,No,No,No,No,,,,,,,No,,,,,,,,,,,
COAG,Dropdown,LBNAME,"Lab Name",,,,30,,"Auto Query",,Yes,1,,,,,,,,,,No,,,,,,,,,,,,,,,,,,,,,,,,,,,,,,,,
COAGCEL,Dropdown,LBTEST,"Lab test",,"Lab Test or Examination Name",,10,,"Auto Query",,Yes,1,,,,,,,,,,No,,,,,,,,,,,,,,,,,,,,,,,,,,,,,,,,
COAGCEL,Checkbox,LBSTAT,"Not done",,"Completion Status",,20,,Optional,,Yes,1,,,,,,,,,,,,,,,,,,,,,,,,,,,,,,,,,,,,,,,,,,
COAGCEL,Dropdown,LBORRESU,Unit,,"Original Units",,40,,"Auto Query",,Yes,1,,,,,,,,,,No,,,,,,,,,,,,,,,,,,,,,,,,,,,,,,,,
COAGCEL,Radio,LBNORM,"Outside normal range?",,,,50,,"Auto Query",,Yes,1,,,,,,,,,,,,,,,,,,,,,,,,,,,,,,,,Horizontal,,,,,,,,,,
COAGCEL,Radio,LBCLSIG,"Clinically significant?",,,,60,,"Auto Query",,Yes,1,,,,,,,,,,,,,,,,,,,,,,,,,,,,,,,,Horizontal,,,,,,,,,,
COAGCEL,Number,LBORRES,Result,,"Result or Finding in Original Units",,30,,"Auto Query",,Yes,1,,10,8,,,,,,,,No,,,,,,,,,,,,,,,,,,,,,,,,,,,,,,,
CRS,Radio,CFEVER,"Does the patient have a fever?",,,,30,,"Auto Query",,Yes,1,,,,,,,,,,,,,,,,,,,,,,,,,,,,,,,,Vertical,,,,,,,,,,
CRS,Number,CTEMP,"If yes, temperature:",,,,40,,"Auto Query",,Yes,1,,5,5,,,,,,,,No,,,,,,,,,,,,,,,,,,,,,,,,,,,,,,,
CRS,Radio,CTEMPU,Unit:,,,,50,,"Auto Query",,Yes,1,,,,,,,,,,,,,,,,,,,,,,,,,,,,,,,,Vertical,,,,,,,,,,
CRS,Radio,CHYPO,"Is the patient hypotensive requiring clinical intervention?",,,,60,,"Auto Query",,Yes,1,,,,,,,,,,,,,,,,,,,,,,,,,,,,,,,,Vertical,,,,,,,,,,
CRS,Number,CBPSYS,"If yes, Systolic BP:",,,,70,,"Auto Query",,Yes,1,,3,3,,,,,,,,Yes,,,,,,,,,,,,,,,,,,,,,,,,,,,,,,,
CRS,Number,CBPDIA,Diastolic:,,,,80,,"Auto Query",,Yes,1,,3,3,,,,,,,,Yes,,,,,,,,,,,,,,,,,,,,,,,,,,,,,,,
CRS,Radio,CVASO,"Has the patient required single agent vasopressor

support with or without vasopressin?",,,,90,,"Auto Query",,Yes,1,,,,,,,,,,,,,,,,,,,,,,,,,,,,,,,,Vertical,,,,,,,,,,
CRS,Radio,CHYPOX,"Is the patient hypoxic?",,,,110,,"Auto Query",,Yes,1,,,,,,,,,,,,,,,,,,,,,,,,,,,,,,,,Vertical,,,,,,,,,,
CRS,Number,COXYSAT,"If yes, oxygen saturation:",,,,120,,"Auto Query",,Yes,1,,5,5,,,,,,,,No,,,,,,,,,,,,,,,,,,,,,,,,,,,,,,,
CRS,Radio,CSUPOX,"Is the patient on supplemental oxygen?",,,,130,,"Auto Query",,Yes,1,,,,,,,,,,,,,,,,,,,,,,,,,,,,,,,,Vertical,,,,,,,,,,
CRS,Dropdown,CSUPOXTP,"If yes, type of supplemental oxygen:",,,,140,,"Auto Query",,Yes,1,,,,,,,,,,No,,,,,,,,,,,,,,,,,,,,,,,,,,,,,,,,
CRS,Text,CSUPOXOT,"Other type of supplemental oxygen:",,,,150,,"Auto Query",,Yes,1,,30,100,,No,No,No,No,No,,,,,,,,,,,,,,,,,,,,,,,,,,,,,,,,,
CRS,Radio,CRSGRADE,"Please select CRS Grade (select zero for no CRS):",,,,160,,"Auto Query",,Yes,1,,,,,,,,,,,,,,,,,,,,,,,,,,,,,,,,Vertical,,,,,,,,,,
CRS,"Date/Time Precision",CDAT,"Date CRS assessed:",,,,10,,"Auto Query",,Yes,1,,,,,,,,,,,,,,,,,No,Yes,No,No,No,No,No,No,,,,,,,No,,,,,,,,,,,
CRS,Radio,CVASO2,"Has the patient required multiple

vasopressors excluding vasopressin?",,,,100,,"Auto Query",,Yes,1,,,,,,,,,,,,,,,,,,,,,,,,,,,,,,,,Vertical,,,,,,,,,,
CRS,Text,CTM,"Time of Measurement:","<p>(24 Hr Clock)</p>",,,20,,"Auto Query",,Yes,1,,5,5,,No,No,No,No,No,,,,,,,,,,,,,,,,,,,,,,,,,,,,,,,,,
DM,Radio,SEX,"Sex at birth",,Sex,,30,,"Auto Query",,Yes,1,,,,,,,,,,,,,,,,,,,,,,,,,,,,,,,,Horizontal,,,,,,,,,,
DM,"Date/Time Precision",BRTHDAT,"Birth date",,"Birth Date",,10,,"Auto Query",,Yes,1,,,,,,,,,,,,,,,,,No,Yes,No,No,No,Yes,Yes,No,UK,UNK,,First,1,,No,,,,,,,,,,,
DM,Number,AGE,Age,,Age,,20,,"Auto Query",,Yes,1,,3,3,,,,,,,,Yes,,,,,,,,,,,,,,,,,,,,,,,,,,,,,,,
DM,Radio,ETHNIC,Ethnicity,,,,50,,"Auto Query",,Yes,1,,,,,,,,,,,,,,,,,,,,,,,,,,,,,,,,Horizontal,,,,,,,,,,
DM,Checkbox,RACE1,"American Indian or Alaska Native",,,,60,,Optional,,Yes,1,,,,,,,,,,,,,,,,,,,,,,,,,,,,,,,,,,,,,,,,,,
DM,Checkbox,RACE2,Asian,,,,70,,Optional,,Yes,1,,,,,,,,,,,,,,,,,,,,,,,,,,,,,,,,,,,,,,,,,,
DM,Checkbox,RACE3,"Black or African American",,,,80,,Optional,,Yes,1,,,,,,,,,,,,,,,,,,,,,,,,,,,,,,,,,,,,,,,,,,
DM,Checkbox,RACE4,"Native Hawaiian or Other Pacific Islander",,,,90,,Optional,,Yes,1,,,,,,,,,,,,,,,,,,,,,,,,,,,,,,,,,,,,,,,,,,
DM,Checkbox,RACE5,White,,,,100,,Optional,,Yes,1,,,,,,,,,,,,,,,,,,,,,,,,,,,,,,,,,,,,,,,,,,
DM,Checkbox,RACE6,"Not Reported",,,,110,,Optional,,Yes,1,,,,,,,,,,,,,,,,,,,,,,,,,,,,,,,,,,,,,,,,,,
DM,Checkbox,RACE7,Unknown,,,,120,,Optional,,Yes,1,,,,,,,,,,,,,,,,,,,,,,,,,,,,,,,,,,,,,,,,,,
DM,Radio,CHLDBEAR,"Is the patient of child-bearing potential?",,,,40,,"Auto Query",,Yes,1,,,,,,,,,,,,,,,,,,,,,,,,,,,,,,,,Horizontal,,,,,,,,,,
DR,Radio,RSYN,"Was imaging performed at this timepoint?",,,,10,,"Auto Query",,Yes,1,,,,,,,,,,,,,,,,,,,,,,,,,,,,,,,,Vertical,,,,,,,,,,
DR,"Date/Time Precision",RSIMGDAT,"Imaging Date:",,,,20,,"Auto Query",,Yes,1,,,,,,,,,,,,,,,,,No,No,No,No,No,No,No,No,,,,,,,No,,,,,,,,,,,
DR,Radio,RSMETHOD,"Method of assessment:",,,,30,,"Auto Query",,Yes,1,,,,,,,,,,,,,,,,,,,,,,,,,,,,,,,,Vertical,,,,,,,,,,
DR,"Date/Time Precision",RSASSDAT,"Date of Response Assessment:",,,,40,,"Auto Query",,Yes,1,,,,,,,,,,,,,,,,,No,No,No,No,No,No,No,No,,,,,,,No,,,,,,,,,,,
DR,Number,RSSPD,"SPD (Sum of the product of the diameters) in cm^2:",,,,50,,"Auto Query",,Yes,1,,5,5,,,,,,,,No,,,,,,,,,,,,,,,,,,,,,,,,,,,,,,,
DR,Radio,RSLUGANO,"Lugano Response:",,,,60,,"Auto Query",,Yes,1,,,,,,,,,,,,,,,,,,,,,,,,,,,,,,,,Vertical,,,,,,,,,,
DR,Text,RSPFS,"If PD, how was progressive disease determined?",,,,70,,"Auto Query",,Yes,1,,50,200,,No,No,No,No,No,,,,,,,,,,,,,,,,,,,,,,,,,,,,,,,,,
DR,Radio,RS5PSFDG,"5-PS for FDG uptake:",,,,80,,"Auto Query",,Yes,1,,,,,,,,,,,,,,,,,,,,,,,,,,,,,,,,Vertical,,,,,,,,,,
DS,"Date/Time Precision",DSSTDAT,"Study completion/discontinuation date:",,"Start Date/Time of Disposition Event",,10,,"Auto Query",,Yes,1,,,,,,,,,,,,,,,,,No,Yes,No,No,No,No,No,No,,,,,,,No,,,,,,,,,,,
DS,Dropdown,DSDECOD,"Study completion/discontinuation status:",,"Standardized Disposition Term",,20,,"Auto Query",,Yes,1,,,,,,,,,,No,,,,,,,,,,,,,,,,,,,,,,,,,,,,,,,,
DS,Text,DSTERM,"Specify other reason:",,"Reported Term for the Disposition Event",,30,,"Auto Query",,Yes,1,,75,75,,No,No,No,No,No,,,,,,,,,,,,,,,,,,,,,,,,,,,,,,,,,
DV,Dropdown,DVDECOD,"What was the protocol deviation?",,,,10,,"Auto Query",,No,1,,,,,,,,,,No,,,,,,,,,,,,,,,,,,,,,,,,,,,,,,,,
DV,"Date/Time Precision",DVSTDAT,"Deviation Date:",,,,30,,Hard,,No,1,,,,,,,,,,,,,,,,,Yes,Yes,No,No,No,No,No,No,,,,,,,No,,,,,,,,,,,
DV,Memo,DVTERM,"Specify protocol deviation",,,,20,,"Auto Query",,No,1,,50,200,,,,,,,,,4,,,,,,,,,,,,,,,,,,,,,,,,,,,,,,
DV,Dropdown,DVACN,"Action Taken:",,,,40,,"Auto Query",,No,1,,,,,,,,,,No,,,,,,,,,,,,,,,,,,,,,,,,,,,,,,,,
DV,Text,DVACNSP,"Other action:",,,,50,,"Auto Query",,No,1,,100,100,,No,No,No,No,No,,,,,,,,,,,,,,,,,,,,,,,,,,,,,,,,,
ECOG,Radio,ECOG,"Patient ECOG Status:",,,,30,,"Auto Query",,Yes,1,,,,,,,,,,,,,,,,,,,,,,,,,,,,,,,,Vertical,,,,,,,,,,
ECOG,Radio,ECOGYN,"Was ECOG Status Assessed?",,,,10,,"Auto Query",,Yes,1,,,,,,,,,,,,,,,,,,,,,,,,,,,,,,,,Vertical,,,,,,,,,,
ECOG,Text,ECOGREA,"If No, reason not assessed?",,,,20,,"Auto Query",,Yes,1,,30,100,,No,No,No,No,No,,,,,,,,,,,,,,,,,,,,,,,,,,,,,,,,,
EG,Radio,EGYN,"Was a 12-Lead ECG performed?",,,,10,,"Auto Query",,Yes,1,,,,,,,,,,,,,,,,,,,,,,,,,,,,,,,,Vertical,,,,,,,,,,
EG1,"Date/Time Precision",EGDAT,"ECG Date",,,,10,,"Auto Query",,Yes,1,,,,,,,,,,,,,,,,,No,Yes,No,No,No,No,No,No,,,,,,,No,,,,,,,,,,,
EG1,Text,EGTM,"ECG Time","<p>(24 Hr)</p>",,,20,,"Auto Query",,Yes,1,,5,5,,No,No,No,No,No,,,,,,,,,,,,,,,,,,,,,,,,,,,,,,,,,
EG1,Dropdown,EGTMPT,Timepoint,,,,40,,"Auto Query",,Yes,1,,,,,,,,,,No,,,,,,,,,,,,,,,,,,,,,,,,,,,,,,,,
EG1,Dropdown,EGINTPRT,"Overall Interpretation",,,,50,,"Auto Query",,Yes,1,,,,,,,,,,No,,,,,,,,,,,,,,,,,,,,,,,,,,,,,,,,
EG1,Dropdown,EGTRACE,"Tracing #",,,,30,,"Auto Query",,Yes,1,,,,,,,,,,No,,,,,,,,,,,,,,,,,,,,,,,,,,,,,,,,
EX,Dropdown,EXDAY,Day,,,,10,,"Auto Query",,Yes,1,,,,,,,,,,No,,,,,,,,,,,,,,,,,,,,,,,,,,,,,,,,
EX,Dropdown,EXCOUNT,"Dose Count",,,,20,,"Auto Query",,Yes,1,,,,,,,,,,No,,,,,,,,,,,,,,,,,,,,,,,,,,,,,,,,
EX,"Date/Time Precision",EXDAT,Date,,,,50,,"Auto Query",,Yes,1,,,,,,,,,,,,,,,,,No,No,No,No,No,No,No,No,,,,,,,No,,,,,,,,,,,
EX,Dropdown,EXHR,"Time Hour",,,,60,,"Auto Query",,Yes,1,,,,,,,,,,No,,,,,,,,,,,,,,,,,,,,,,,,,,,,,,,,
EX,Dropdown,EXMIN,"Time Minute",,,,70,,"Auto Query",,Yes,1,,,,,,,,,,No,,,,,,,,,,,,,,,,,,,,,,,,,,,,,,,,
EX,Dropdown,EXTM,AM/PM,,,,80,,"Auto Query",,Yes,1,,,,,,,,,,No,,,,,,,,,,,,,,,,,,,,,,,,,,,,,,,,
EX,Dropdown,EXTAKEN,"Dose taken?",,,,30,,"Auto Query",,Yes,1,,,,,,,,,,No,,,,,,,,,,,,,,,,,,,,,,,,,,,,,,,,
EX,Text,EXMEAL,"Time of meal or snack",,,,90,,"Auto Query",,Yes,1,,5,5,,No,No,No,No,No,,,,,,,,,,,,,,,,,,,,,,,,,,,,,,,,,
EX,Text,EXLAST,"Time of last snack or meal",,,,100,,"Auto Query",,Yes,1,,5,5,,No,No,No,No,No,,,,,,,,,,,,,,,,,,,,,,,,,,,,,,,,,
EX,Text,EXCMT,Comments,,,,110,,Optional,,Yes,1,,50,100,,No,No,No,No,No,,,,,,,,,,,,,,,,,,,,,,,,,,,,,,,,,
EX,Text,EXREAS,"If No, reason missed",,,,40,,"Auto Query",,Yes,1,,30,100,,No,No,No,No,No,,,,,,,,,,,,,,,,,,,,,,,,,,,,,,,,,
HA,"Date/Time Precision",HADAT,"Date of Hospitalization",,,,20,,"Auto Query",,Yes,1,,,,,,,,,,,,,,,,,No,Yes,No,No,No,No,No,No,,,,,,,No,,,,,,,,,,,
HA,Number,HADAYS,"Number of Days hospitalized",,,,30,,"Auto Query",,Yes,1,,5,5,,,,,,,,Yes,,,,,,,,,,,,,,,,,,,,,,,,,,,,,,,
HA,"Date/Time Precision",HADISDAT,"Discharge Date",,,,40,,"Auto Query",,Yes,1,,,,,,,,,,,,,,,,,No,Yes,No,No,No,No,No,No,,,,,,,No,,,,,,,,,,,
HA,Dropdown,HATYPE,"Type of Admission",,,,50,,"Auto Query",,Yes,1,,,,,,,,,,No,,,,,,,,,,,,,,,,,,,,,,,,,,,,,,,,
HA,Radio,HAINPAT,"Was this hospitalization/admission for the

required inpatient portion of the study?",,,,10,,"Auto Query",,Yes,1,,,,,,,,,,,,,,,,,,,,,,,,,,,,,,,,Vertical,,,,,,,,,,
HA,Radio,HAICU,"Was this hospitalization/admission for the ICU?",,,,60,,"Auto Query",,Yes,1,,,,,,,,,,,,,,,,,,,,,,,,,,,,,,,,Vertical,,,,,,,,,,
HA,Dropdown,HAREAS,"Reason for hospitalization/admission",,,,80,,"Auto Query",,Yes,1,,,,,,,,,,No,,,,,,,,,,,,,,,,,,,,,,,,,,,,,,,,
HA,Number,HAICUDAY,"Number of days in ICU:",,,,70,,"Auto Query",,Yes,1,,5,5,,,,,,,,Yes,,,,,,,,,,,,,,,,,,,,,,,,,,,,,,,
HA,Text,HAREASO,"If Other reason, please specify:",,,,90,,"Auto Query",,Yes,1,,50,100,,No,No,No,No,No,,,,,,,,,,,,,,,,,,,,,,,,,,,,,,,,,
HEMA,Radio,LBPERF,"Was the sample collected?",,,,10,,"Auto Query",,Yes,1,,,,,,,,,,,,,,,,,,,,,,,,,,,,,,,,Horizontal,,,,,,,,,,
HEMA,"Date/Time Precision",LBDAT,"Collection date",,,,20,,"Auto Query",,Yes,1,,,,,,,,,,,,,,,,,No,Yes,No,No,No,No,No,No,,,,,,,No,,,,,,,,,,,
HEMA,Dropdown,LBNAME,"Lab Name",,,,30,,"Auto Query",,Yes,1,,,,,,,,,,No,,,,,,,,,,,,,,,,,,,,,,,,,,,,,,,,
HEMCEL,Dropdown,LBTEST,"Lab test",,"Lab Test or Examination Name",,10,,"Auto Query",,Yes,1,,,,,,,,,,No,,,,,,,,,,,,,,,,,,,,,,,,,,,,,,,,
HEMCEL,Checkbox,LBSTAT,"Not done",,"Completion Status",,20,,Optional,,Yes,1,,,,,,,,,,,,,,,,,,,,,,,,,,,,,,,,,,,,,,,,,,
HEMCEL,Number,LBORRES,Result,,"Result or Finding in Original Units",,30,,"Auto Query",,Yes,1,,10,10,,,,,,,,No,,,,,,,,,,,,,,,,,,,,,,,,,,,,,,,
HEMCEL,Dropdown,LBORRESU,Unit,,"Original Units",,40,,"Auto Query",,Yes,1,,,,,,,,,,No,,,,,,,,,,,,,,,,,,,,,,,,,,,,,,,,
HEMCEL,Radio,LBNORM,"Outside normal range?",,,,50,,"Auto Query",,Yes,1,,,,,,,,,,,,,,,,,,,,,,,,,,,,,,,,Horizontal,,,,,,,,,,
HEMCEL,Radio,LBCLSIG,"Clinically significant?",,,,60,,"Auto Query",,Yes,1,,,,,,,,,,,,,,,,,,,,,,,,,,,,,,,,Horizontal,,,,,,,,,,
ICANS,Dropdown,IICESCR,"What was the patient&#39;s Immune effector cell associated encephalopathy (ICE) score?",,,,30,,"Auto Query",,Yes,1,,,,,,,,,,No,,,,,,,,,,,,,,,,,,,,,,,,,,,,,,,,
ICANS,Dropdown,ILOC,"What is the patient&#39;s level of consciousness?",,,,40,,"Auto Query",,Yes,1,,,,,,,,,,No,,,,,,,,,,,,,,,,,,,,,,,,,,,,,,,,
ICANS,Radio,ISEIZURE,"Is the patient experiencing any seizures?",,,,50,,"Auto Query",,Yes,1,,,,,,,,,,,,,,,,,,,,,,,,,,,,,,,,Vertical,,,,,,,,,,
ICANS,Radio,ISEIZTYP,"If yes, please select one:",,,,60,,"Auto Query",,Yes,1,,,,,,,,,,,,,,,,,,,,,,,,,,,,,,,,Vertical,,,,,,,,,,
ICANS,Radio,IMOTOR,"Motor findings present?

(Deep focal motor weakness such as hemiparesis or paraparesis)",,,,70,,"Auto Query",,Yes,1,,,,,,,,,,,,,,,,,,,,,,,,,,,,,,,,Vertical,,,,,,,,,,
ICANS,Radio,ICRAN,"Is there evidence of elevated intracranial

pressure/cerebral edema on neuroimaging?",,,,100,,"Auto Query",,Yes,1,,,,,,,,,,,,,,,,,,,,,,,,,,,,,,,,Vertical,,,,,,,,,,
ICANS,Radio,ICRANTYP,"If yes, please select one:",,,,90,,"Auto Query",,Yes,1,,,,,,,,,,,,,,,,,,,,,,,,,,,,,,,,Vertical,,,,,,,,,,
ICANS,Checkbox,ICOND1,"Decerebrate posturing",,,,110,,Optional,,Yes,1,,,,,,,,,,,,,,,,,,,,,,,,,,,,,,,,,,,,,,,,,,
ICANS,Checkbox,ICOND2,"Decorticate posturing",,,,120,,Optional,,Yes,1,,,,,,,,,,,,,,,,,,,,,,,,,,,,,,,,,,,,,,,,,,
ICANS,Checkbox,ICOND3,"Cranial nerve VI palsy",,,,130,,Optional,,Yes,1,,,,,,,,,,,,,,,,,,,,,,,,,,,,,,,,,,,,,,,,,,
ICANS,Checkbox,ICOND4,Papilledema,,,,140,,Optional,,Yes,1,,,,,,,,,,,,,,,,,,,,,,,,,,,,,,,,,,,,,,,,,,
ICANS,Checkbox,ICOND5,"Cushing&#39;s triad",,,,150,,Optional,,Yes,1,,,,,,,,,,,,,,,,,,,,,,,,,,,,,,,,,,,,,,,,,,
ICANS,Dropdown,ICANSSCR,"Please select ICANS Grade

(Select 0 for no ICANS) check one 0-4:",,,,160,,"Auto Query",,Yes,1,,,,,,,,,,No,,,,,,,,,,,,,,,,,,,,,,,,,,,,,,,,
ICANS,"Date/Time Precision",IDAT,"Date ICANS assessed:",,,,10,,"Auto Query",,Yes,1,,,,,,,,,,,,,,,,,No,Yes,No,No,No,No,No,No,,,,,,,No,,,,,,,,,,,
ICANS,Radio,IEDEMA,"Is there evidence of cerebral edema?",,,,80,,"Auto Query",,Yes,1,,,,,,,,,,,,,,,,,,,,,,,,,,,,,,,,Vertical,,,,,,,,,,
ICANS,Text,ITM,"Time of Measurement:","<p>(24 Hr Clock)</p>",,,20,,"Auto Query",,Yes,1,,5,5,,No,No,No,No,No,,,,,,,,,,,,,,,,,,,,,,,,,,,,,,,,,
IE,Dropdown,IEPROTVR,"Protocol version for enrollment:",,,,20,,"Auto Query",,Yes,1,,,,,,,,,,No,,,,,,,,,,,,,,,,,,,,,,,,,,,,,,,,
IE,Dropdown,IEICFVER,"ICF version for enrollment:",,,,30,,"Auto Query",,Yes,1,,,,,,,,,,No,,,,,,,,,,,,,,,,,,,,,,,,,,,,,,,,
IE,Radio,ELIGIBLE,"Is the patient eligible to participate in the study?",,"TEST SAS LABEL",,10,,"Auto Query",,Yes,1,,,,,,,,,,,,,,,,,,,,,,,,,,,,,,,,Vertical,,,,,,,,,,
IEF,Dropdown,IECRITTYP,"Criteria Type",,,,10,,"Auto Query",,Yes,1,,,,,,,,,,No,,,,,,,,,,,,,,,,,,,,,,,,,,,,,,,,
IEF,Dropdown,IECRITNO,"Criteria Number",,,,20,,"Auto Query",,Yes,1,,,,,,,,,,No,,,,,,,,,,,,,,,,,,,,,,,,,,,,,,,,
LABCEL,Dropdown,LBTEST,"Lab test",,"Lab Test or Examination Name",,20,,"Auto Query",,No,1,,,,,,,,,,No,,,,,,,,,,,,,,,,,,,,,,,,,,,,,,,,
LABCEL,Checkbox,LBSTAT,"Not done",,"Completion Status",,30,,Optional,,No,1,,,,,,,,,,,,,,,,,,,,,,,,,,,,,,,,,,,,,,,,,,
LABCEL,Number,LBORRES,Result,,"Result or Finding in Original Units",,40,,"Auto Query",,No,1,,10,10,,,,,,,,No,,,,,,,,,,,,,,,,,,,,,,,,,,,,,,,
LABCEL,Dropdown,LBORRESU,Unit,,"Original Units",,50,,"Auto Query",,No,1,,,,,,,,,,No,,,,,,,,,,,,,,,,,,,,,,,,,,,,,,,,
LABCEL,Dropdown,LBCLSIG,"Clinical significant ",,"Clinical Significance",,60,,"Auto Query",,No,1,,,,,,,,,,No,,,,,,,,,,,,,,,,,,,,,,,,,,,,,,,,
LABCEL,Number,LBORNRLO,"RR lower limit",,"Reference Range Lower Limit in Orig Unit",,70,,"Auto Query",,No,1,,10,10,,,,,,,,Yes,,,,,,,,,,,,,,,,,,,,,,,,,,,,,,,
LABCEL,Number,LBORNRHI,"RR upper limit",,"Reference Range Upper Limit in Orig Unit",,80,,"Auto Query",,No,1,,10,10,,,,,,,,No,,,,,,,,,,,,,,,,,,,,,,,,,,,,,,,
LABCEL,Dropdown,LBCAT,"Lab category",,,,10,,"Auto Query",,No,1,,,,,,,,,,No,,,,,,,,,,,,,,,,,,,,,,,,,,,,,,,,
LVEF,Radio,LVEFYN,"Was LVEF measured?",,,,10,,"Auto Query",,Yes,1,,,,,,,,,,,,,,,,,,,,,,,,,,,,,,,,Vertical,,,,,,,,,,
LVEF,"Date/Time Precision",LVEFDAT,"Date of measurement:",,,,40,,"Auto Query",,Yes,1,,,,,,,,,,,,,,,,,No,Yes,Yes,No,No,No,No,No,,,,,,,No,,,,,,,,,,,
LVEF,Radio,ECORRES,"Overall result:",,,,60,,"Auto Query",,Yes,1,,,,,,,,,,,,,,,,,,,,,,,,,,,,,,,,Vertical,,,,,,,,,,
LVEF,Text,ECINTER,Interpretation:,,,,70,,"Auto Query",,Yes,1,,50,200,,No,No,No,No,No,,,,,,,,,,,,,,,,,,,,,,,,,,,,,,,,,
LVEF,Number,ECLVEF,"Left ventricular ejection fraction (LVEF):",,,,50,,"Auto Query",,Yes,1,,5,5,,,,,,,,No,,,,,,,,,,,,,,,,,,,,,,,,,,,,,,,
LVEF,Radio,LVEFMTD,"Method of measurement:",,,,20,,"Auto Query",,Yes,1,,,,,,,,,,,,,,,,,,,,,,,,,,,,,,,,Vertical,,,,,,,,,,
LVEF,Radio,LVEFPCEF,"If 2D Echo, was there significant pericardial effusion?",,,,30,,"Auto Query",,Yes,1,,,,,,,,,,,,,,,,,,,,,,,,,,,,,,,,Vertical,,,,,,,,,,
MH,Radio,MHYN,"Were any relevant prior or current medical or surgical history reported?",,,,10,,"Auto Query",,Yes,1,,,,,,,,,,,,,,,,,,,,,,,,,,,,,,,,Horizontal,,,,,,,,,,
MHCEL,Text,MHTERM,"What is the medical condition or event term?",,"Reported Term for the Medical History",,10,,"Auto Query",,Yes,1,,75,200,,No,No,No,No,No,,,,,,,,,,,,,,,,,,,,,,,,,,,,,,,,,
MHCEL,"Date/Time Precision",MHSTDAT,"Start date",,,,20,,"Auto Query",,Yes,1,,,,,,,,,,,,,,,,,Yes,Yes,No,No,No,Yes,Yes,No,UK,UNK,,First,1,,No,,,,,,,,,,,
MHCEL,"Date/Time Precision",MHEDDAT,"End date",,,,50,,"Auto Query",,Yes,1,,,,,,,,,,,,,,,,,No,Yes,No,No,No,Yes,Yes,No,UK,UNK,,First,1,,No,,,,,,,,,,,
MHCEL,Radio,MHONGO,Ongoing,,,,30,,"Auto Query",,Yes,1,,,,,,,,,,,,,,,,,,,,,,,,,,,,,,,,Horizontal,,,,,,,,,,
MHCEL,Dropdown,MHSEV,"If Ongoing, Grade",,Severity/Intensity,,40,,"Auto Query",,Yes,1,,,,,,,,,,No,,,,,,,,,,,,,,,,,,,,,,,,,,,,,,,,
PCHEM,Checkbox,CHEMONO,"Check if no prior systemic chemotherapy",,,,10,,Optional,,Yes,1,,,,,,,,,,,,,,,,,,,,,,,,,,,,,,,,,,,,,,,,,,
PCHEMEL,Text,CHREGIMN,"Regimen (List individual agents)",,,,20,,"Auto Query",,Yes,1,,50,100,,No,No,No,No,No,,,,,,,,,,,,,,,,,,,,,,,,,,,,,,,,,
PCHEMEL,Number,CHCYCLES,"Number of cycles",,,,30,,"Auto Query",,Yes,1,,10,8,,,,,,,,Yes,,,,,,,,,,,,,,,,,,,,,,,,,,,,,,,
PCHEMEL,Text,CHCYCLENT,"Length of cycles",,,,40,,"Auto Query",,Yes,1,,15,100,,No,No,No,No,No,,,,,,,,,,,,,,,,,,,,,,,,,,,,,,,,,
PCHEMEL,"Date/Time Precision",CHSTDAT,"Start Date",,,,50,,"Auto Query",,Yes,1,,,,,,,,,,,,,,,,,No,Yes,No,No,No,Yes,Yes,Yes,UK,UNK,UNKN,First,1,2023,No,,,,,,,,,,,
PCHEMEL,"Date/Time Precision",CHENDAT,"Stop Date",,,,60,,"Auto Query",,Yes,1,,,,,,,,,,,,,,,,,No,Yes,No,No,No,Yes,Yes,Yes,UK,UNK,UNKN,First,1,2023,No,,,,,,,,,,,
PCHEMEL,Radio,CHBESTRS,"Best Response",,,,70,,"Auto Query",,Yes,1,,,,,,,,,,,,,,,,,,,,,,,,,,,,,,,,Vertical,,,,,,,,,,
PCHEMEL,Radio,CHRESDIS,"Reason for Discontinuing Treatment",,,,80,,"Auto Query",,Yes,1,,,,,,,,,,,,,,,,,,,,,,,,,,,,,,,,Vertical,,,,,,,,,,
PCHEMEL,Dropdown,CHLINE,"Line of Therapy",,,,10,,"Auto Query",,Yes,1,,,,,,,,,,No,,,,,,,,,,,,,,,,,,,,,,,,,,,,,,,,
PE,Radio,PEPERF,"Was the physical examination performed?",,,,10,,"Auto Query",,Yes,1,,,,,,,,,,,,,,,,,,,,,,,,,,,,,,,,Horizontal,,,,,,,,,,
PE,Text,PRREASOC,"Reason not performed",,,,20,,"Auto Query",,Yes,1,,75,75,,No,No,No,No,No,,,,,,,,,,,,,,,,,,,,,,,,,,,,,,,,,
PE,"Date/Time Precision",PEDAT,"Exam date",,,,30,,"Auto Query",,Yes,1,,,,,,,,,,,,,,,,,Yes,Yes,No,No,No,No,No,No,,,,,,,No,,,,,,,,,,,
PECEL,Dropdown,PETEST,"Body system",,,,10,,"Auto Query",,Yes,1,,,,,,,,,,No,,,,,,,,,,,,,,,,,,,,,,,,,,,,,,,,
PECEL,Text,PETSTOTH,Specify,,,,20,,"Auto Query",,Yes,1,,75,75,,No,No,No,No,No,,,,,,,,,,,,,,,,,,,,,,,,,,,,,,,,,
PECEL,Radio,PERES,Result,,,,30,,"Auto Query",,Yes,1,,,,,,,,,,,,,,,,,,,,,,,,,,,,,,,,Vertical,,,,,,,,,,
PECEL,Memo,PEDESC,"Abnormal findings",,,,40,,"Auto Query",,Yes,1,,40,500,,,,,,,,,6,,,,,,,,,,,,,,,,,,,,,,,,,,,,,,
PECEL,Radio,PECLSIG,"Clinically significant",,,,50,,"Auto Query",,Yes,1,,,,,,,,,,,,,,,,,,,,,,,,,,,,,,,,Horizontal,,,,,,,,,,
PKEL,Dropdown,PKTMPT,Timepoint,,,,10,,"Auto Query",,Yes,1,,,,,,,,,,No,,,,,,,,,,,,,,,,,,,,,,,,,,,,,,,,
PKEL,Radio,PKYN,Collected?,,,,20,,"Auto Query",,Yes,1,,,,,,,,,,,,,,,,,,,,,,,,,,,,,,,,Vertical,,,,,,,,,,
PKEL,Text,PKREAS,"Reason Not Collected",,,,30,,"Auto Query",,Yes,1,,30,100,,No,No,No,No,No,,,,,,,,,,,,,,,,,,,,,,,,,,,,,,,,,
PKEL,"Date/Time Precision",PKDAT,"Collection Date",,,,50,,"Auto Query",,Yes,1,,,,,,,,,,,,,,,,,No,No,No,No,No,No,No,No,,,,,,,No,,,,,,,,,,,
PKEL,Dropdown,PKHR,"Collection

Hour",,,,60,,"Auto Query",,Yes,1,,,,,,,,,,No,,,,,,,,,,,,,,,,,,,,,,,,,,,,,,,,
PKEL,Dropdown,PKMIN,"Collection

Min",,,,70,,"Auto Query",,Yes,1,,,,,,,,,,No,,,,,,,,,,,,,,,,,,,,,,,,,,,,,,,,
PKEL,Text,PKACC,"Sample accession number or identifier",,,,40,,"Auto Query",,Yes,1,,15,30,,No,No,No,No,No,,,,,,,,,,,,,,,,,,,,,,,,,,,,,,,,,
QS,Dropdown,QSDAY,Day,,,,10,,"Auto Query",,No,1,,,,,,,,,,No,,,,,,,,,,,,,,,,,,,,,,,,,,,,,,,,
QS,Dropdown,QSDOSE,Dose,,,,20,,"Auto Query",,No,1,,,,,,,,,,No,,,,,,,,,,,,,,,,,,,,,,,,,,,,,,,,
QS,"Date/Time Precision",QSDAT,Date,,,,30,,"Auto Query",,No,1,,,,,,,,,,,,,,,,,No,No,No,No,No,No,No,No,,,,,,,No,,,,,,,,,,,
QS,Dropdown,QSHR,"Time Hour",,,,40,,"Auto Query",,No,1,,,,,,,,,,No,,,,,,,,,,,,,,,,,,,,,,,,,,,,,,,,
QS,Dropdown,QSMIN,"Time Minute",,,,50,,"Auto Query",,No,1,,,,,,,,,,No,,,,,,,,,,,,,,,,,,,,,,,,,,,,,,,,
QS,Dropdown,QSTM,AM/PM,,,,60,,"Auto Query",,No,1,,,,,,,,,,No,,,,,,,,,,,,,,,,,,,,,,,,,,,,,,,,
QS,Dropdown,QSTAKEN,"Dose taken",,,,70,,"Auto Query",,No,1,,,,,,,,,,No,,,,,,,,,,,,,,,,,,,,,,,,,,,,,,,,
QS,Text,QSMEAL,"Time of meal or snack",,,,80,,"Auto Query",,No,1,,5,5,,No,No,No,No,No,,,,,,,,,,,,,,,,,,,,,,,,,,,,,,,,,
QS,Text,QSLAST,"Time of last meal",,,,90,,"Auto Query",,No,1,,5,5,,No,No,No,No,No,,,,,,,,,,,,,,,,,,,,,,,,,,,,,,,,,
QS,Text,QSCMT,Comments,,,,100,,"Auto Query",,No,1,,50,100,,No,No,No,No,No,,,,,,,,,,,,,,,,,,,,,,,,,,,,,,,,,
REG,"Date/Time Precision",ENRDAT,"Date of enrollment:",,,,10,,"Auto Query",,Yes,1,,,,,,,,,,,,,,,,,Yes,Yes,No,No,No,No,No,No,,,,,,,No,,,,,,,,,,,
REG,"Date/Time Precision",ICFDAT,"Date of Informed Consent:",,,,20,,"Auto Query",,Yes,1,,,,,,,,,,,,,,,,,No,Yes,No,No,No,No,No,No,,,,,,,No,,,,,,,,,,,
REG,Dropdown,COHORT,Cohort:,,,,30,,"Auto Query",,Yes,1,,,,,,,,,,No,,,,,,,,,,,,,,,,,,,,,,,,,,,,,,,,
RP,Radio,RPYN,"Was a Pregnancy sample collected?",,,,10,,"Auto Query",,Yes,1,,,,,,,,,,,,,,,,,,,,,,,,,,,,,,,,Horizontal,,,,,,,,,,
RP,"Date/Time Precision",RPDAT,"Collection Date:",,,,20,,"Auto Query",,Yes,1,,,,,,,,,,,,,,,,,No,No,No,No,No,No,No,No,,,,,,,No,,,,,,,,,,,
RP,Radio,RPORRES,Result:,,,,30,,"Auto Query",,Yes,1,,,,,,,,,,,,,,,,,,,,,,,,,,,,,,,,Vertical,,,,,,,,,,
SED,Text,unique_site_id,"Site ID",,,,10,,Hard,,No,1,,5,5,,No,No,No,No,No,,,,,,,,,,,,,,,,,,,,,,,,,,,,,,,,,
SED,Text,SITENAME,"Site Name",,,,20,,"Auto Query",,No,1,,30,100,,No,No,No,No,No,,,,,,,,,,,,,,,,,,,,,,,,,,,,,,,,,
SED,"Date/Time Precision",APPENDAT,"Approved to Enroll",,,,30,,"Auto Query",,No,1,,,,,,,,,,,,,,,,,No,No,No,No,No,No,No,No,,,,,,,No,,,,,,,,,,,
SITESTAT,Dropdown,sitestatus,"Site Status",,,,10,,Optional,,No,1,,,,,,,,,,No,,,,,,,,,,,,,,,,,,,,,,,,,,,,,,,,
SITESTAT,Date/Time,statusdate,"Status date",,,,20,,"Trigger Record",,No,1,,,,,,,,,,,,,Yes,No,No,,Yes,No,,,Yes,,,,,,,,,,No,,,,,,,,,,,
SITESTAT,Memo,statusmemo,Comments,,,,30,,Optional,,No,1,,50,500,,,,,,,,,2,,,,,,,,,,,,,,,,,,,,,,,,,,,,,,
SLABCEL,Dropdown,LBTEST,"Lab test",,"Lab Test or Examination Name",,10,,"Auto Query",,Yes,1,,,,,,,,,,No,,,,,,,,,,,,,,,,,,,,,,,,,,,,,,,,
SLABCEL,"Date/Time Precision",LBDATTM,"Sample Date",,,,20,,"Auto Query",,Yes,1,,,,,,,,,,,,,,,,,No,Yes,Yes,No,No,No,No,No,,,,,,,No,,,,,,,,,,,
SLABCEL,Text,LBACCNUM,"Sample Accession Number or Identifier:",,,,40,,"Auto Query",,Yes,1,,30,100,,No,No,No,No,No,,,,,,,,,,,,,,,,,,,,,,,,,,,,,,,,,
SLABCEL,Dropdown,LBTMPT,"Sample Timepoint",,,,30,,"Auto Query",,Yes,1,,,,,,,,,,No,,,,,,,,,,,,,,,,,,,,,,,,,,,,,,,,
spd,Date/Time,user_study_train_log_sign,"Training Log Signed",,,,10,,Optional,,No,1,,,,,,,,,,,,,Yes,No,No,,No,No,,,No,,,,,,,,,,No,,,,,,,,,,,
ss,Dropdown,randomization_txt,Text,,,,10,,Optional,,No,1,,,,,,,,,,No,,,,,,,,,,,,,,,,,,,,,,,,,,,,,,,,
SV,"Date/Time Precision",SVDAT,Date,,,,40,,"Auto Query",,Yes,1,,,,,,,,,,,,,,,,,Yes,Yes,No,No,No,No,No,No,,,,,,,No,,,,,,,,,,,
SV,Radio,SVYN,"Was the visit completed?",,,,10,,"Auto Query",,Yes,1,,,,,,,,,,,,,,,,,,,,,,,,,,,,,,,,Vertical,,,,,,,,,,
SV,Radio,SVRSN,Reason,,,,30,,"Auto Query",,Yes,1,,,,,,,,,,,,,,,,,,,,,,,,,,,,,,,,Vertical,,,,,,,,,,
SV,Radio,SVTYPE,"Visit Type:",,,,20,,"Auto Query",,Yes,1,,,,,,,,,,,,,,,,,,,,,,,,,,,,,,,,Vertical,,,,,,,,,,
template,Date/Time,archiveddatetime,"Archived Date/Time Field",,,,10,,"Auto Query",,No,1,,,,,,,,,,,,,Yes,No,No,,No,No,,,No,,,,,,,,,,No,,,,,,,,,,,
URINE,Radio,LBPERF,"Was the sample collected?",,,,10,,"Auto Query",,Yes,1,,,,,,,,,,,,,,,,,,,,,,,,,,,,,,,,Horizontal,,,,,,,,,,
URINE,"Date/Time Precision",LBDAT,"Collection date",,,,20,,"Auto Query",,Yes,1,,,,,,,,,,,,,,,,,No,Yes,No,No,No,No,No,No,,,,,,,No,,,,,,,,,,,
URINE,Dropdown,LBNAME,"Lab Name",,,,30,,"Auto Query",,Yes,1,,,,,,,,,,No,,,,,,,,,,,,,,,,,,,,,,,,,,,,,,,,
URINECEL,Dropdown,LBTEST,"Lab test",,"Lab Test or Examination Name",,10,,"Auto Query",,Yes,1,,,,,,,,,,No,,,,,,,,,,,,,,,,,,,,,,,,,,,,,,,,
URINECEL,Checkbox,LBSTAT,"Not done",,"Completion Status",,20,,Optional,,Yes,1,,,,,,,,,,,,,,,,,,,,,,,,,,,,,,,,,,,,,,,,,,
URINECEL,Dropdown,LBORRESU,Unit,,"Original Units",,40,,"Auto Query",,Yes,1,,,,,,,,,,No,,,,,,,,,,,,,,,,,,,,,,,,,,,,,,,,
URINECEL,Radio,LBNORM,"Outside normal range?",,,,50,,"Auto Query",,Yes,1,,,,,,,,,,,,,,,,,,,,,,,,,,,,,,,,Horizontal,,,,,,,,,,
URINECEL,Radio,LBCLSIG,"Clinically significant?",,,,60,,"Auto Query",,Yes,1,,,,,,,,,,,,,,,,,,,,,,,,,,,,,,,,Horizontal,,,,,,,,,,
URINECEL,Text,LBORRES,Result,,"Result or Finding in Original Units",,30,,"Auto Query",,Yes,1,,10,20,,No,No,No,No,No,,,,,,,,,,,,,,,,,,,,,,,,,,,,,,,,,
VSCEL,Radio,VSPERF,"Were vital signs collected?",,,,10,,"Auto Query",,Yes,1,,,,,,,,,,,,,,,,,,,,,,,,,,,,,,,,Horizontal,,,,,,,,,,
VSCEL,Number,HEIGHT,Height,,,,60,,"Auto Query",,Yes,1,,5,5,,,,,,,,No,,,,,,,,,,,,,,,,,,,,,,,,,,,,,,,
VSCEL,Number,WEIGHT,Weight,,,,80,,"Auto Query",,Yes,1,,5,5,,,,,,,,No,,,,,,,,,,,,,,,,,,,,,,,,,,,,,,,
VSCEL,Number,BMI,"BMI (calculated)",,,,100,,Optional,,Yes,1,,5,5,,,,,,,,No,,,,,,,,,,,,,,,,,,,,,,,,,,,,,,,
VSCEL,Number,PULSE,"Pulse rate","<p>
	Beats/min</p>",,,130,,"Auto Query",,Yes,1,,3,3,,,,,,,,Yes,,,,,,,,,,,,,,,,,,,,,,,,,,,,,,,
VSCEL,Number,TEMP_VSORRES,"Temperature (oral):",,,,110,,"Auto Query",,Yes,1,,5,5,,,,,,,,No,,,,,,,,,,,,,,,,,,,,,,,,,,,,,,,
VSCEL,Number,RESP,"Respiratory rate","<p>
	Breaths/min</p>",,,140,,"Auto Query",,Yes,1,,3,3,,,,,,,,Yes,,,,,,,,,,,,,,,,,,,,,,,,,,,,,,,
VSCEL,Number,SYSBP,"Systolic blood pressure","<p>
	mmHg</p>",,,160,,"Auto Query",,Yes,1,,3,3,,,,,,,,Yes,,,,,,,,,,,,,,,,,,,,,,,,,,,,,,,
VSCEL,Number,DIABP,"Diastolic blood pressure","<p>
	mmHg</p>",,,170,,"Auto Query",,Yes,1,,3,3,,,,,,,,Yes,,,,,,,,,,,,,,,,,,,,,,,,,,,,,,,
VSCEL,Radio,WEIGHTU,Units,,,,90,,"Auto Query",,Yes,1,,,,,,,,,,,,,,,,,,,,,,,,,,,,,,,,Horizontal,,,,,,,,,,
VSCEL,Radio,HEIGHTU,Units,,,,70,,"Auto Query",,Yes,1,,,,,,,,,,,,,,,,,,,,,,,,,,,,,,,,Horizontal,,,,,,,,,,
VSCEL,Radio,TEMPU,Units,,,,120,,"Auto Query",,Yes,1,,,,,,,,,,,,,,,,,,,,,,,,,,,,,,,,Horizontal,,,,,,,,,,
VSCEL,"Date/Time Precision",VSDAT,"Date collected",,"Date collected",,20,,"Auto Query",,Yes,1,,,,,,,,,,,,,,,,,Yes,Yes,No,No,No,No,No,No,,,,,,,No,,,,,,,,,,,
VSCEL,Number,OXSAT,"Oxygen Saturation",,,,150,,"Auto Query",,Yes,1,,3,3,,,,,,,,Yes,,,,,,,,,,,,,,,,,,,,,,,,,,,,,,,
VSCEL,Dropdown,VSTMPT,Timepoint,,,,50,,"Auto Query",,Yes,1,,,,,,,,,,No,,,,,,,,,,,,,,,,,,,,,,,,,,,,,,,,
VSCEL,Text,VSTM,"Time of Measurement","<p>(24 Hr Clock)</p>",,,30,,"Auto Query",,Yes,1,,5,5,,No,No,No,No,No,,,,,,,,,,,,,,,,,,,,,,,,,,,,,,,,,
VSCEL,Dropdown,VSRELDOS,"Relative Dose",,,,40,,"Auto Query",,Yes,1,,,,,,,,,,No,,,,,,,,,,,,,,,,,,,,,,,,,,,,,,,,
